Dataset-Experiment,MeanAcc,StdAcc,MeanGM,StdGM,MeanMS,StdMS,MeanMAE,StdMAE,MeanAMAE,StdAMAE,MeanMMAE,StdMMAE,MeanRSpearman,StdRSpearman,MeanTkendall,StdTkendall,MeanWkappa,StdWkappa,MeanTrainTime,StdTrainTime,MeanTestTime,StdTestTime,MeanCrossvalTime,StdCrossvalTime,MeanC,StdC,Meank,Stdk,
pasture-svorim-mae-tutorial,67.037037,11.481687,54.957687,27.308843,42.222222,26.163842,0.329630,0.114817,0.329630,0.114817,0.577778,0.261638,0.778558,0.094427,0.722507,0.111726,0.632160,0.129806,0.015633,0.005786,0.000000,0.000000,3.894700,0.316556,92.500000,249.483432,0.004600,0.004484,
pyrim10-svorim-mae-tutorial,26.875000,9.508672,0.000000,0.000000,0.000000,0.000000,1.375000,0.208553,1.375000,0.225138,2.791667,0.574494,0.785228,0.069622,0.632200,0.070310,0.562180,0.072060,0.032200,0.021934,0.000800,0.003578,4.638150,0.255357,282.700000,426.868536,0.007750,0.003998,
tae-svorim-mae-tutorial,56.578947,6.054407,51.925335,7.855146,34.316239,9.206197,0.475439,0.069086,0.473291,0.068956,0.752350,0.116308,0.501714,0.105250,0.470100,0.099750,0.400256,0.088438,0.035900,0.018726,0.000500,0.002739,5.675000,0.556064,295.000000,433.937466,280.654000,442.450427,
toy-svorim-mae-tutorial,98.222222,1.278569,97.955970,1.647237,92.183261,5.611375,0.017778,0.012786,0.019631,0.015726,0.078167,0.056114,0.993680,0.004513,0.989629,0.007855,0.986360,0.009826,0.068767,0.024749,0.002567,0.007118,8.573800,2.007165,970.000000,164.316767,0.100000,0.000000,
