Dataset-Experiment,MeanAcc,StdAcc,MeanGM,StdGM,MeanMS,StdMS,MeanMAE,StdMAE,MeanAMAE,StdAMAE,MeanMMAE,StdMMAE,MeanRSpearman,StdRSpearman,MeanTkendall,StdTkendall,MeanWkappa,StdWkappa,MeanTrainTime,StdTrainTime,MeanTestTime,StdTestTime,MeanCrossvalTime,StdCrossvalTime,
pasture-pom-tutorial,44.814815,14.140129,14.147870,24.606548,10.000000,17.832769,0.700000,0.235522,0.700000,0.235522,1.011111,0.269572,0.367424,0.307815,0.328056,0.298188,0.263041,0.244667,0.096700,0.074216,0.001067,0.004059,0.000000,0.000000,
pyrim10-pom-tutorial,24.791667,8.164406,0.000000,0.000000,0.000000,0.000000,1.789583,0.520324,1.813333,0.542050,4.175000,1.737508,0.621995,0.222929,0.504545,0.191144,0.481723,0.140698,0.117200,0.036088,0.000750,0.003354,0.000000,0.000000,
tae-pom-tutorial,51.315789,8.513277,47.747227,13.127734,36.944444,13.748966,0.621053,0.113473,0.621439,0.113947,0.841880,0.162921,0.352843,0.127059,0.320468,0.118969,0.307377,0.117796,0.291533,0.066074,0.000533,0.002921,0.000000,0.000000,
toy-pom-tutorial,34.133333,5.045084,0.000000,0.000000,0.000000,0.000000,0.917778,0.127701,1.076355,0.148537,1.758232,0.376606,0.332281,0.186522,0.270514,0.159795,0.205972,0.105333,0.041333,0.020835,0.000000,0.000000,0.000000,0.000000,
